run_name,sweep_id,category,rl_enabled,aux_enabled,train_iters,rl_reward_type,rl_loss_coeff,aux_loss_coeff,kl_loss_coeff,eval_crit_path,eval_lm_loss,hellaswag,arc_challenge,winogrande,benchmark_avg,benchmark_time_sec,limit,timestamp,comments,checkpoint_path
c256_ppo_k5_buf8_kl0.1_r04,1ykmwe84,rl+aux,True,True,3000,,0.5,0.01,0.1,3854.8,2.8327,62.5,52.4,71.2,62.03,2045,1000,2026-03-10 09:10,,/lustre/fsw/portfolios/nvr/users/jonathanp/rl_token_routing/output_router_finetuning/c256_ppo_k5_buf8_kl0.1_r04/checkpoint/pretrain-mcore-qwen3-moe-megatron-A3B-lr-1e-4-minlr-1e-6-bs-1-gbs-8-seqlen-128-pr-bf16-tp-1-pp-1-cp-1-ac-sel-do-true-sp-true-ti-3000-wi-10
c256_ppo_k5_buf8_r03,1ykmwe84,rl+aux,True,True,3000,,0.5,0.01,,3329.9,2.8846,62.1,48.8,71.4,60.77,2216,1000,2026-03-10 07:46,,/lustre/fsw/portfolios/nvr/users/jonathanp/rl_token_routing/output_router_finetuning/c256_ppo_k5_buf8_r03/checkpoint/pretrain-mcore-qwen3-moe-megatron-A3B-lr-1e-4-minlr-1e-6-bs-1-gbs-8-seqlen-128-pr-bf16-tp-1-pp-1-cp-1-ac-sel-do-true-sp-true-ti-3000-wi-10
c256_ppo_kl1.0_r02,1ykmwe84,rl+aux,True,True,3000,,0.5,0.01,1.0,3448.4,2.7963,64.0,52.9,71.0,62.63,2224,1000,2026-03-10 08:30,,/lustre/fsw/portfolios/nvr/users/jonathanp/rl_token_routing/output_router_finetuning/c256_ppo_kl1.0_r02/checkpoint/pretrain-mcore-qwen3-moe-megatron-A3B-lr-1e-4-minlr-1e-6-bs-1-gbs-8-seqlen-128-pr-bf16-tp-1-pp-1-cp-1-ac-sel-do-true-sp-true-ti-3000-wi-10
crit_n1_rlc0.01_g0.95_noaux_norm_PPO_ent0.01_c256_r56,11oi7yzk,rl_only,True,False,1500,critical_path,0.01,0,,4592.8,2.6559,66.4,56.8,69.4,64.20,,1000,2026-02-28 08:33,,/lustre/fsw/portfolios/nvr/users/jonathanp/rl_token_routing/output_router_finetuning/crit_n1_rlc0.01_g0.95_noaux_norm_PPO_ent0.01_c256_r56/checkpoint/pretrain-mcore-qwen3-moe-megatron-A3B-lr-1e-4-minlr-1e-6-bs-1-gbs-8-seqlen-128-pr-bf16-tp-1-pp-1-cp-1-ac-sel-do-true-sp-true-ti-1500-wi-10
norl_aux0.005_r36,,aux_only,False,True,1500,,,0.005,,3983.5,2.6913,64.6,53.7,70.8,63.03,2230,1000,2026-03-06 22:06,,/lustre/fsw/portfolios/nvr/users/jonathanp/rl_token_routing/output_router_finetuning/norl_aux0.005_r36/checkpoint/pretrain-mcore-qwen3-moe-megatron-A3B-lr-1e-4-minlr-1e-6-bs-1-gbs-8-seqlen-128-pr-bf16-tp-1-pp-1-cp-1-ac-sel-do-true-sp-true-ti-1500-wi-10
norl_aux0.01_r08,,aux_only,False,True,10000,,,0.01,,3170.8,2.7119,63.3,54.7,70.6,62.87,2130,1000,2026-03-06 22:06,,/lustre/fsw/portfolios/nvr/users/jonathanp/rl_token_routing/output_router_finetuning/norl_aux0.01_r08/checkpoint/pretrain-mcore-qwen3-moe-megatron-A3B-lr-1e-4-minlr-1e-6-bs-1-gbs-8-seqlen-128-pr-bf16-tp-1-pp-1-cp-1-ac-sel-do-true-sp-true-ti-10000-wi-10
norl_aux0.01_r12,ic7dzzax,aux_only,False,True,3000,,,0.01,,3480.4,2.7734,63.1,53.9,69.9,62.30,2532,1000,2026-03-05 00:42,,/lustre/fsw/portfolios/nvr/users/jonathanp/rl_token_routing/output_router_finetuning/norl_aux0.01_r12/checkpoint/pretrain-mcore-qwen3-moe-megatron-A3B-lr-1e-4-minlr-1e-6-bs-1-gbs-8-seqlen-128-pr-bf16-tp-1-pp-1-cp-1-ac-sel-do-true-sp-true-ti-3000-wi-10
pretrained_baseline,,pretrained,False,False,,,,,,4780.0,2.6500,65.5,56.5,70.3,64.10,2413,1000,2026-03-04 04:03,,/lustre/fsw/portfolios/nvr/users/jonathanp/rl_token_routing/output_router_finetuning/pretrained_baseline
ptbin_n1_rlc0.1_g0.2_aux0.01_norl_norm_PPO_ent0.01_c256_r06,11oi7yzk,aux_only,False,True,1500,,,0.01,,3679.1,2.7388,62.8,51.6,69.3,61.23,,1000,2026-02-28 07:57,,/lustre/fsw/portfolios/nvr/users/jonathanp/rl_token_routing/output_router_finetuning/ptbin_n1_rlc0.1_g0.2_aux0.01_norl_norm_PPO_ent0.01_c256_r06/checkpoint/pretrain-mcore-qwen3-moe-megatron-A3B-lr-1e-4-minlr-1e-6-bs-1-gbs-8-seqlen-128-pr-bf16-tp-1-pp-1-cp-1-ac-sel-do-true-sp-true-ti-1500-wi-10
ptbin_n6_rlc0.1_g0.2_noaux_norm_PPO_ent0.01_c256_r09,11oi7yzk,rl_only,True,False,1500,per_token_topn_binary,0.1,0,,3891.6,2.9217,60.3,51.9,67.9,60.03,,1000,2026-02-28 06:45,,/lustre/fsw/portfolios/nvr/users/jonathanp/rl_token_routing/output_router_finetuning/ptbin_n6_rlc0.1_g0.2_noaux_norm_PPO_ent0.01_c256_r09/checkpoint/pretrain-mcore-qwen3-moe-megatron-A3B-lr-1e-4-minlr-1e-6-bs-1-gbs-8-seqlen-128-pr-bf16-tp-1-pp-1-cp-1-ac-sel-do-true-sp-true-ti-1500-wi-10
ptload_n1_rlc0.01_g0.2_noaux_norm_PPO_ent0.01_c256_r44,11oi7yzk,rl_only,True,False,1500,per_token_load_weighted,0.01,0,,4450.8,2.6697,64.9,55.0,71.3,63.73,,1000,2026-02-28 07:20,,/lustre/fsw/portfolios/nvr/users/jonathanp/rl_token_routing/output_router_finetuning/ptload_n1_rlc0.01_g0.2_noaux_norm_PPO_ent0.01_c256_r44/checkpoint/pretrain-mcore-qwen3-moe-megatron-A3B-lr-1e-4-minlr-1e-6-bs-1-gbs-8-seqlen-128-pr-bf16-tp-1-pp-1-cp-1-ac-sel-do-true-sp-true-ti-1500-wi-10
ptload_n2_rlc0.1_norm_PPO_ent0.01_c256_ema_aux0.01_r02,ic7dzzax,rl+aux,True,True,3000,per_token_load_weighted,0.1,0.01,,3430.6,2.7862,62.5,54.0,69.5,62.00,2480,1000,2026-03-04 03:57,,/lustre/fsw/portfolios/nvr/users/jonathanp/rl_token_routing/output_router_finetuning/ptload_n2_rlc0.1_norm_PPO_ent0.01_c256_ema_aux0.01_r02/checkpoint/pretrain-mcore-qwen3-moe-megatron-A3B-lr-1e-4-minlr-1e-6-bs-1-gbs-8-seqlen-128-pr-bf16-tp-1-pp-1-cp-1-ac-sel-do-true-sp-true-ti-3000-wi-10
ptload_n2_rlc0.1_norm_PPO_ent0.01_c256_ema_lm1.0_aux0.01_r03,ic7dzzax,rl+aux,True,True,3000,per_token_load_weighted,0.1,0.01,,3440.9,2.7780,63.1,54.4,70.8,62.77,2391,1000,2026-03-04 03:57,,/lustre/fsw/portfolios/nvr/users/jonathanp/rl_token_routing/output_router_finetuning/ptload_n2_rlc0.1_norm_PPO_ent0.01_c256_ema_lm1.0_aux0.01_r03/checkpoint/pretrain-mcore-qwen3-moe-megatron-A3B-lr-1e-4-minlr-1e-6-bs-1-gbs-8-seqlen-128-pr-bf16-tp-1-pp-1-cp-1-ac-sel-do-true-sp-true-ti-3000-wi-10
ptload_n2_rlc0.1_norm_PPO_ent0.01_c256_ema_ppo_k20_lm1.0_aux0.01_r08,tkumso27,rl+aux,True,True,3000,per_token_load_weighted,0.1,0.01,,2678.2,3.0790,26.1,26.6,48.1,33.60,1846,1000,2026-03-07 00:18,,/lustre/fsw/portfolios/nvr/users/jonathanp/rl_token_routing/output_router_finetuning/ptload_n2_rlc0.1_norm_PPO_ent0.01_c256_ema_ppo_k20_lm1.0_aux0.01_r08/checkpoint/pretrain-mcore-qwen3-moe-megatron-A3B-lr-1e-4-minlr-1e-6-bs-1-gbs-8-seqlen-128-pr-bf16-tp-1-pp-1-cp-1-ac-sel-do-true-sp-true-ti-3000-wi-10
ptload_n2_rlc0.1_norm_PPO_ent0.01_c256_ema_ppo_k5_lm1.0_aux0.01_r06,tkumso27,rl+aux,True,True,3000,per_token_load_weighted,0.1,0.01,,3065.6,2.8634,26.1,26.6,48.1,33.60,1878,1000,2026-03-06 22:06,,/lustre/fsw/portfolios/nvr/users/jonathanp/rl_token_routing/output_router_finetuning/ptload_n2_rlc0.1_norm_PPO_ent0.01_c256_ema_ppo_k5_lm1.0_aux0.01_r06/checkpoint/pretrain-mcore-qwen3-moe-megatron-A3B-lr-1e-4-minlr-1e-6-bs-1-gbs-8-seqlen-128-pr-bf16-tp-1-pp-1-cp-1-ac-sel-do-true-sp-true-ti-3000-wi-10
ptload_n2_rlc0.5_norm_PPO_ent0.01_c256_ema_aux0.01_r06,ic7dzzax,rl+aux,True,True,3000,per_token_load_weighted,0.5,0.01,,3281.3,2.8436,61.6,53.9,68.9,61.47,2327,1000,2026-03-04 03:57,,/lustre/fsw/portfolios/nvr/users/jonathanp/rl_token_routing/output_router_finetuning/ptload_n2_rlc0.5_norm_PPO_ent0.01_c256_ema_aux0.01_r06/checkpoint/pretrain-mcore-qwen3-moe-megatron-A3B-lr-1e-4-minlr-1e-6-bs-1-gbs-8-seqlen-128-pr-bf16-tp-1-pp-1-cp-1-ac-sel-do-true-sp-true-ti-3000-wi-10
ptload_n2_rlc0.5_norm_PPO_ent0.01_c256_ema_lm1.0_aux0.01_r07,ic7dzzax,rl+aux,True,True,3000,per_token_load_weighted,0.5,0.01,,3317.8,2.7981,61.4,52.8,70.4,61.53,2577,1000,2026-03-04 06:51,,/lustre/fsw/portfolios/nvr/users/jonathanp/rl_token_routing/output_router_finetuning/ptload_n2_rlc0.5_norm_PPO_ent0.01_c256_ema_lm1.0_aux0.01_r07/checkpoint/pretrain-mcore-qwen3-moe-megatron-A3B-lr-1e-4-minlr-1e-6-bs-1-gbs-8-seqlen-128-pr-bf16-tp-1-pp-1-cp-1-ac-sel-do-true-sp-true-ti-3000-wi-10
ptload_n2_rlc0.5_norm_PPO_ent0.01_c256_ema_ppo_aux0.01_r04,ch2if0ee,rl+aux,True,True,3000,per_token_load_weighted,0.5,0.01,,3303.3,2.8411,62.0,51.7,69.1,60.93,2045,1000,2026-03-05 03:29,,/lustre/fsw/portfolios/nvr/users/jonathanp/rl_token_routing/output_router_finetuning/ptload_n2_rlc0.5_norm_PPO_ent0.01_c256_ema_ppo_aux0.01_r04/checkpoint/pretrain-mcore-qwen3-moe-megatron-A3B-lr-1e-4-minlr-1e-6-bs-1-gbs-8-seqlen-128-pr-bf16-tp-1-pp-1-cp-1-ac-sel-do-true-sp-true-ti-3000-wi-10
ptload_n2_rlc0.5_norm_PPO_ent0.01_c256_ema_ppo_aux0.01_r15,tkumso27,rl+aux,True,True,3000,per_token_load_weighted,0.5,0.01,,3408.7,2.8894,61.9,52.9,68.2,61.00,2093,1000,2026-03-07 02:45,,/lustre/fsw/portfolios/nvr/users/jonathanp/rl_token_routing/output_router_finetuning/ptload_n2_rlc0.5_norm_PPO_ent0.01_c256_ema_ppo_aux0.01_r15/checkpoint/pretrain-mcore-qwen3-moe-megatron-A3B-lr-1e-4-minlr-1e-6-bs-1-gbs-8-seqlen-128-pr-bf16-tp-1-pp-1-cp-1-ac-sel-do-true-sp-true-ti-3000-wi-10
ptload_n2_rlc0.5_norm_PPO_ent0.01_c256_ema_ppo_k20_aux0.01_r02,ch2if0ee,rl+aux,True,True,3000,per_token_load_weighted,0.5,0.01,,3441.1,4.9387,26.1,26.8,49.6,34.17,2326,1000,2026-03-05 00:42,,/lustre/fsw/portfolios/nvr/users/jonathanp/rl_token_routing/output_router_finetuning/ptload_n2_rlc0.5_norm_PPO_ent0.01_c256_ema_ppo_k20_aux0.01_r02/checkpoint/pretrain-mcore-qwen3-moe-megatron-A3B-lr-1e-4-minlr-1e-6-bs-1-gbs-8-seqlen-128-pr-bf16-tp-1-pp-1-cp-1-ac-sel-do-true-sp-true-ti-3000-wi-10
ptload_n2_rlc0.5_norm_PPO_ent0.01_c256_ema_ppo_k5_aux0.01_r00,ch2if0ee,rl+aux,True,True,3000,per_token_load_weighted,0.5,0.01,,2723.0,3.3912,57.0,42.8,62.9,54.23,2386,1000,2026-03-05 00:42,,/lustre/fsw/portfolios/nvr/users/jonathanp/rl_token_routing/output_router_finetuning/ptload_n2_rlc0.5_norm_PPO_ent0.01_c256_ema_ppo_k5_aux0.01_r00/checkpoint/pretrain-mcore-qwen3-moe-megatron-A3B-lr-1e-4-minlr-1e-6-bs-1-gbs-8-seqlen-128-pr-bf16-tp-1-pp-1-cp-1-ac-sel-do-true-sp-true-ti-3000-wi-10
ptload_n2_rlc0.5_norm_PPO_ent0.01_c256_ema_ppo_k5_buf8_lm1.0_aux0.01_r17,tkumso27,rl+aux,True,True,3000,per_token_load_weighted,0.5,0.01,,3499.0,2.9304,26.1,26.6,48.1,33.60,1841,1000,2026-03-07 00:50,,/lustre/fsw/portfolios/nvr/users/jonathanp/rl_token_routing/output_router_finetuning/ptload_n2_rlc0.5_norm_PPO_ent0.01_c256_ema_ppo_k5_buf8_lm1.0_aux0.01_r17/checkpoint/pretrain-mcore-qwen3-moe-megatron-A3B-lr-1e-4-minlr-1e-6-bs-1-gbs-8-seqlen-128-pr-bf16-tp-1-pp-1-cp-1-ac-sel-do-true-sp-true-ti-3000-wi-10
ptload_n2_rlc0.5_norm_PPO_ent0.01_c256_ema_ppo_k5_lm1.0_aux0.01_r16,tkumso27,rl+aux,True,True,3000,per_token_load_weighted,0.5,0.01,,3317.0,2.9531,58.0,43.4,66.4,55.93,2007,1000,2026-03-06 23:46,,/lustre/fsw/portfolios/nvr/users/jonathanp/rl_token_routing/output_router_finetuning/ptload_n2_rlc0.5_norm_PPO_ent0.01_c256_ema_ppo_k5_lm1.0_aux0.01_r16/checkpoint/pretrain-mcore-qwen3-moe-megatron-A3B-lr-1e-4-minlr-1e-6-bs-1-gbs-8-seqlen-128-pr-bf16-tp-1-pp-1-cp-1-ac-sel-do-true-sp-true-ti-3000-wi-10
ptload_n2_rlc0.5_norm_PPO_ent0.01_c256_ema_ppo_lm1.0_aux0.01_r20,tkumso27,rl+aux,True,True,3000,per_token_load_weighted,0.5,0.01,,3885.9,2.7828,62.4,52.9,68.0,61.10,2092,1000,2026-03-07 12:29,,/lustre/fsw/portfolios/nvr/users/jonathanp/rl_token_routing/output_router_finetuning/ptload_n2_rlc0.5_norm_PPO_ent0.01_c256_ema_ppo_lm1.0_aux0.01_r20/checkpoint/pretrain-mcore-qwen3-moe-megatron-A3B-lr-1e-4-minlr-1e-6-bs-1-gbs-8-seqlen-128-pr-bf16-tp-1-pp-1-cp-1-ac-sel-do-true-sp-true-ti-3000-wi-10
ptload_n2_rlc1.0_norm_PPO_ent0.01_c256_ema_aux0.01_r10,ic7dzzax,rl+aux,True,True,3000,per_token_load_weighted,1.0,0.01,,3210.9,2.8964,62.6,53.4,69.1,61.70,2466,1000,2026-03-04 06:51,,/lustre/fsw/portfolios/nvr/users/jonathanp/rl_token_routing/output_router_finetuning/ptload_n2_rlc1.0_norm_PPO_ent0.01_c256_ema_aux0.01_r10/checkpoint/pretrain-mcore-qwen3-moe-megatron-A3B-lr-1e-4-minlr-1e-6-bs-1-gbs-8-seqlen-128-pr-bf16-tp-1-pp-1-cp-1-ac-sel-do-true-sp-true-ti-3000-wi-10
ptload_n2_rlc1.0_norm_PPO_ent0.01_c256_ema_lm1.0_aux0.01_r11,ic7dzzax,rl+aux,True,True,3000,per_token_load_weighted,1.0,0.01,,3349.4,2.8275,61.1,51.8,69.9,60.93,2496,1000,2026-03-05 00:42,,/lustre/fsw/portfolios/nvr/users/jonathanp/rl_token_routing/output_router_finetuning/ptload_n2_rlc1.0_norm_PPO_ent0.01_c256_ema_lm1.0_aux0.01_r11/checkpoint/pretrain-mcore-qwen3-moe-megatron-A3B-lr-1e-4-minlr-1e-6-bs-1-gbs-8-seqlen-128-pr-bf16-tp-1-pp-1-cp-1-ac-sel-do-true-sp-true-ti-3000-wi-10
ptload_n2_rlc1.0_norm_PPO_ent0.01_c256_ema_ppo_aux0.01_r05,ch2if0ee,rl+aux,True,True,3000,per_token_load_weighted,1.0,0.01,,3113.8,3.1752,56.6,52.0,64.8,57.80,2124,1000,2026-03-05 03:29,,/lustre/fsw/portfolios/nvr/users/jonathanp/rl_token_routing/output_router_finetuning/ptload_n2_rlc1.0_norm_PPO_ent0.01_c256_ema_ppo_aux0.01_r05/checkpoint/pretrain-mcore-qwen3-moe-megatron-A3B-lr-1e-4-minlr-1e-6-bs-1-gbs-8-seqlen-128-pr-bf16-tp-1-pp-1-cp-1-ac-sel-do-true-sp-true-ti-3000-wi-10
ptload_n2_rlc1.0_norm_PPO_ent0.01_c256_ema_ppo_aux0.01_r25,tkumso27,rl+aux,True,True,3000,per_token_load_weighted,1.0,0.01,,3550.9,2.8753,62.0,51.6,67.8,60.47,2085,1000,2026-03-07 02:03,,/lustre/fsw/portfolios/nvr/users/jonathanp/rl_token_routing/output_router_finetuning/ptload_n2_rlc1.0_norm_PPO_ent0.01_c256_ema_ppo_aux0.01_r25/checkpoint/pretrain-mcore-qwen3-moe-megatron-A3B-lr-1e-4-minlr-1e-6-bs-1-gbs-8-seqlen-128-pr-bf16-tp-1-pp-1-cp-1-ac-sel-do-true-sp-true-ti-3000-wi-10
ptload_n2_rlc1.0_norm_PPO_ent0.01_c256_ema_ppo_k20_aux0.01_r03,ch2if0ee,rl+aux,True,True,3000,per_token_load_weighted,1.0,0.01,,3753.9,6.0496,26.1,26.6,48.1,33.60,1974,1000,2026-03-05 03:29,,/lustre/fsw/portfolios/nvr/users/jonathanp/rl_token_routing/output_router_finetuning/ptload_n2_rlc1.0_norm_PPO_ent0.01_c256_ema_ppo_k20_aux0.01_r03/checkpoint/pretrain-mcore-qwen3-moe-megatron-A3B-lr-1e-4-minlr-1e-6-bs-1-gbs-8-seqlen-128-pr-bf16-tp-1-pp-1-cp-1-ac-sel-do-true-sp-true-ti-3000-wi-10
ptload_n2_rlc1.0_norm_PPO_ent0.01_c256_ema_ppo_k5_aux0.01_r01,ch2if0ee,rl+aux,True,True,3000,per_token_load_weighted,1.0,0.01,,3294.0,4.7903,46.0,23.6,51.5,40.37,2272,1000,2026-03-05 00:42,,/lustre/fsw/portfolios/nvr/users/jonathanp/rl_token_routing/output_router_finetuning/ptload_n2_rlc1.0_norm_PPO_ent0.01_c256_ema_ppo_k5_aux0.01_r01/checkpoint/pretrain-mcore-qwen3-moe-megatron-A3B-lr-1e-4-minlr-1e-6-bs-1-gbs-8-seqlen-128-pr-bf16-tp-1-pp-1-cp-1-ac-sel-do-true-sp-true-ti-3000-wi-10
ptload_n2_rlc1.0_norm_PPO_ent0.01_c256_ema_ppo_k5_buf8_lm1.0_aux0.01_r27,tkumso27,rl+aux,True,True,3000,per_token_load_weighted,1.0,0.01,,3839.9,2.7990,26.1,26.6,48.1,33.60,1775,1000,2026-03-07 01:21,,/lustre/fsw/portfolios/nvr/users/jonathanp/rl_token_routing/output_router_finetuning/ptload_n2_rlc1.0_norm_PPO_ent0.01_c256_ema_ppo_k5_buf8_lm1.0_aux0.01_r27/checkpoint/pretrain-mcore-qwen3-moe-megatron-A3B-lr-1e-4-minlr-1e-6-bs-1-gbs-8-seqlen-128-pr-bf16-tp-1-pp-1-cp-1-ac-sel-do-true-sp-true-ti-3000-wi-10
ptload_n2_rlc1.0_norm_PPO_ent0.01_c256_ema_ppo_lm1.0_aux0.01_r30,tkumso27,rl+aux,True,True,3000,per_token_load_weighted,1.0,0.01,,3664.7,2.8073,62.6,52.5,69.8,61.63,2152,1000,2026-03-07 11:45,,/lustre/fsw/portfolios/nvr/users/jonathanp/rl_token_routing/output_router_finetuning/ptload_n2_rlc1.0_norm_PPO_ent0.01_c256_ema_ppo_lm1.0_aux0.01_r30/checkpoint/pretrain-mcore-qwen3-moe-megatron-A3B-lr-1e-4-minlr-1e-6-bs-1-gbs-8-seqlen-128-pr-bf16-tp-1-pp-1-cp-1-ac-sel-do-true-sp-true-ti-3000-wi-10
