name,run_id,cp,lm,eval_step,pareto,checkpoint_dir
pareto_g0_c256_ppo_aux0.01_cpb_n1_a0.015_r88,sjb2b1ga,2855.14990234375,2.7707366943359375,2500,True,/lustre/fsw/portfolios/nvr/users/jonathanp/rl_token_routing/output_router_finetuning/pareto_g0_c256_ppo_aux0.01_cpb_n1_a0.015_r88/checkpoint/pretrain-mcore-qwen3-moe-megatron-A3B-lr-1e-4-minlr-1e-6-bs-1-gbs-8-seqlen-128-pr-bf16-tp-1-pp-1-cp-1-ac-sel-do-true-sp-true-ti-5000-wi-10
pareto_g0.3_c256_ppo_aux0.01_cpb_n1_a0.015_r89,kut3l1r6,2882.14990234375,2.769404172897339,2500,True,/lustre/fsw/portfolios/nvr/users/jonathanp/rl_token_routing/output_router_finetuning/pareto_g0.3_c256_ppo_aux0.01_cpb_n1_a0.015_r89/checkpoint/pretrain-mcore-qwen3-moe-megatron-A3B-lr-1e-4-minlr-1e-6-bs-1-gbs-8-seqlen-128-pr-bf16-tp-1-pp-1-cp-1-ac-sel-do-true-sp-true-ti-5000-wi-10
pareto_g0_c256_ppo_aux0.01_cpb_n1_a0.01_r80,9np0ioc6,2893.35009765625,2.7572035789489746,2500,True,/lustre/fsw/portfolios/nvr/users/jonathanp/rl_token_routing/output_router_finetuning/pareto_g0_c256_ppo_aux0.01_cpb_n1_a0.01_r80/checkpoint/pretrain-mcore-qwen3-moe-megatron-A3B-lr-1e-4-minlr-1e-6-bs-1-gbs-8-seqlen-128-pr-bf16-tp-1-pp-1-cp-1-ac-sel-do-true-sp-true-ti-5000-wi-10
pareto_g0.3_c256_ppo_aux0.01_cpb_n1_a0.01_r81,w1mrp22z,2915.39990234375,2.7565016746520996,2500,True,/lustre/fsw/portfolios/nvr/users/jonathanp/rl_token_routing/output_router_finetuning/pareto_g0.3_c256_ppo_aux0.01_cpb_n1_a0.01_r81/checkpoint/pretrain-mcore-qwen3-moe-megatron-A3B-lr-1e-4-minlr-1e-6-bs-1-gbs-8-seqlen-128-pr-bf16-tp-1-pp-1-cp-1-ac-sel-do-true-sp-true-ti-5000-wi-10
pareto_g0.8_c256_ppo_gae0.95_aux0.01_cpb_n1_a0.015_r91,rpgeep7k,2928.75,2.769448757171631,2500,False,/lustre/fsw/portfolios/nvr/users/jonathanp/rl_token_routing/output_router_finetuning/pareto_g0.8_c256_ppo_gae0.95_aux0.01_cpb_n1_a0.015_r91/checkpoint/pretrain-mcore-qwen3-moe-megatron-A3B-lr-1e-4-minlr-1e-6-bs-1-gbs-8-seqlen-128-pr-bf16-tp-1-pp-1-cp-1-ac-sel-do-true-sp-true-ti-5000-wi-10
pareto_g0.8_c256_ppo_aux0.01_cpb_n1_a0.015_r90,gbnffavn,2939.550048828125,2.7588229179382324,2500,False,/lustre/fsw/portfolios/nvr/users/jonathanp/rl_token_routing/output_router_finetuning/pareto_g0.8_c256_ppo_aux0.01_cpb_n1_a0.015_r90/checkpoint/pretrain-mcore-qwen3-moe-megatron-A3B-lr-1e-4-minlr-1e-6-bs-1-gbs-8-seqlen-128-pr-bf16-tp-1-pp-1-cp-1-ac-sel-do-true-sp-true-ti-5000-wi-10
pareto_g0.8_c256_ppo_gae0.95_aux0.01_cpb_n1_a0.01_r83,k41cbuvp,2983.199951171875,2.749572992324829,2500,True,/lustre/fsw/portfolios/nvr/users/jonathanp/rl_token_routing/output_router_finetuning/pareto_g0.8_c256_ppo_gae0.95_aux0.01_cpb_n1_a0.01_r83/checkpoint/pretrain-mcore-qwen3-moe-megatron-A3B-lr-1e-4-minlr-1e-6-bs-1-gbs-8-seqlen-128-pr-bf16-tp-1-pp-1-cp-1-ac-sel-do-true-sp-true-ti-5000-wi-10
pareto_g0.8_c256_ppo_aux0.01_cpb_n1_a0.01_r82,tj71pef6,2990.949951171875,2.747117042541504,2500,True,/lustre/fsw/portfolios/nvr/users/jonathanp/rl_token_routing/output_router_finetuning/pareto_g0.8_c256_ppo_aux0.01_cpb_n1_a0.01_r82/checkpoint/pretrain-mcore-qwen3-moe-megatron-A3B-lr-1e-4-minlr-1e-6-bs-1-gbs-8-seqlen-128-pr-bf16-tp-1-pp-1-cp-1-ac-sel-do-true-sp-true-ti-5000-wi-10
pareto_g0_c256_ppo_aux0.007_cpb_n1_a0.015_r72,8yrnjn51,2991.14990234375,2.762847900390625,2500,False,/lustre/fsw/portfolios/nvr/users/jonathanp/rl_token_routing/output_router_finetuning/pareto_g0_c256_ppo_aux0.007_cpb_n1_a0.015_r72/checkpoint/pretrain-mcore-qwen3-moe-megatron-A3B-lr-1e-4-minlr-1e-6-bs-1-gbs-8-seqlen-128-pr-bf16-tp-1-pp-1-cp-1-ac-sel-do-true-sp-true-ti-5000-wi-10
pareto_g0.8_c256_ppo_gae0.95_aux0.01_cpb_n1_a0.015_kl0.0003_r95,2lmorjr5,3022.25,2.749767541885376,2500,False,/lustre/fsw/portfolios/nvr/users/jonathanp/rl_token_routing/output_router_finetuning/pareto_g0.8_c256_ppo_gae0.95_aux0.01_cpb_n1_a0.015_kl0.0003_r95/checkpoint/pretrain-mcore-qwen3-moe-megatron-A3B-lr-1e-4-minlr-1e-6-bs-1-gbs-8-seqlen-128-pr-bf16-tp-1-pp-1-cp-1-ac-sel-do-true-sp-true-ti-5000-wi-10
pareto_g0_c256_ppo_aux0.01_cpb_n1_a0.015_kl0.0003_r92,nnxzk47u,3023.39990234375,2.7512176036834717,2500,False,/lustre/fsw/portfolios/nvr/users/jonathanp/rl_token_routing/output_router_finetuning/pareto_g0_c256_ppo_aux0.01_cpb_n1_a0.015_kl0.0003_r92/checkpoint/pretrain-mcore-qwen3-moe-megatron-A3B-lr-1e-4-minlr-1e-6-bs-1-gbs-8-seqlen-128-pr-bf16-tp-1-pp-1-cp-1-ac-sel-do-true-sp-true-ti-5000-wi-10
pareto_g0.3_c256_ppo_aux0.01_cpb_n1_a0.015_kl0.0003_r93,av2itp2o,3023.85009765625,2.7488579750061035,2500,False,/lustre/fsw/portfolios/nvr/users/jonathanp/rl_token_routing/output_router_finetuning/pareto_g0.3_c256_ppo_aux0.01_cpb_n1_a0.015_kl0.0003_r93/checkpoint/pretrain-mcore-qwen3-moe-megatron-A3B-lr-1e-4-minlr-1e-6-bs-1-gbs-8-seqlen-128-pr-bf16-tp-1-pp-1-cp-1-ac-sel-do-true-sp-true-ti-5000-wi-10
pareto_norl_aux0.01_cpb_n1_a0.015_r102,rzb8hj73,3024.10009765625,2.7499184608459473,2500,False,/lustre/fsw/portfolios/nvr/users/jonathanp/rl_token_routing/output_router_finetuning/pareto_norl_aux0.01_cpb_n1_a0.015_r102/checkpoint/pretrain-mcore-qwen3-moe-megatron-A3B-lr-1e-4-minlr-1e-6-bs-1-gbs-8-seqlen-128-pr-bf16-tp-1-pp-1-cp-1-ac-sel-do-true-sp-true-ti-5000-wi-10
pareto_g0_c256_ppo_aux0.007_cpb_n1_a0.01_r64,cmc2o7hk,3025.550048828125,2.747735023498535,2500,False,/lustre/fsw/portfolios/nvr/users/jonathanp/rl_token_routing/output_router_finetuning/pareto_g0_c256_ppo_aux0.007_cpb_n1_a0.01_r64/checkpoint/pretrain-mcore-qwen3-moe-megatron-A3B-lr-1e-4-minlr-1e-6-bs-1-gbs-8-seqlen-128-pr-bf16-tp-1-pp-1-cp-1-ac-sel-do-true-sp-true-ti-5000-wi-10
pareto_g0.3_c256_ppo_aux0.007_cpb_n1_a0.015_r73,kpjfd9wk,3061.85009765625,2.7776031494140625,2000,False,/lustre/fsw/portfolios/nvr/users/jonathanp/rl_token_routing/output_router_finetuning/pareto_g0.3_c256_ppo_aux0.007_cpb_n1_a0.015_r73/checkpoint/pretrain-mcore-qwen3-moe-megatron-A3B-lr-1e-4-minlr-1e-6-bs-1-gbs-8-seqlen-128-pr-bf16-tp-1-pp-1-cp-1-ac-sel-do-true-sp-true-ti-5000-wi-10
pareto_norl_aux0.01_cpb_n1_a0.01_r101,oxcq7shd,3061.949951171875,2.7398922443389893,2500,True,/lustre/fsw/portfolios/nvr/users/jonathanp/rl_token_routing/output_router_finetuning/pareto_norl_aux0.01_cpb_n1_a0.01_r101/checkpoint/pretrain-mcore-qwen3-moe-megatron-A3B-lr-1e-4-minlr-1e-6-bs-1-gbs-8-seqlen-128-pr-bf16-tp-1-pp-1-cp-1-ac-sel-do-true-sp-true-ti-5000-wi-10
pareto_g0.8_c256_ppo_gae0.95_aux0.007_cpb_n1_a0.015_r75,kv9qcq4y,3064.699951171875,2.7427291870117188,2500,False,/lustre/fsw/portfolios/nvr/users/jonathanp/rl_token_routing/output_router_finetuning/pareto_g0.8_c256_ppo_gae0.95_aux0.007_cpb_n1_a0.015_r75/checkpoint/pretrain-mcore-qwen3-moe-megatron-A3B-lr-1e-4-minlr-1e-6-bs-1-gbs-8-seqlen-128-pr-bf16-tp-1-pp-1-cp-1-ac-sel-do-true-sp-true-ti-5000-wi-10
pareto_g0.8_c256_ppo_gae0.95_aux0.01_cpb_n1_a0.01_kl0.0003_r87,batbuawc,3077.0,2.7396981716156006,2500,True,/lustre/fsw/portfolios/nvr/users/jonathanp/rl_token_routing/output_router_finetuning/pareto_g0.8_c256_ppo_gae0.95_aux0.01_cpb_n1_a0.01_kl0.0003_r87/checkpoint/pretrain-mcore-qwen3-moe-megatron-A3B-lr-1e-4-minlr-1e-6-bs-1-gbs-8-seqlen-128-pr-bf16-tp-1-pp-1-cp-1-ac-sel-do-true-sp-true-ti-5000-wi-10
pareto_g0.8_c256_ppo_aux0.01_cpb_n1_a0.01_kl0.0003_r86,a1fhdpxj,3077.800048828125,2.734034538269043,2500,True,/lustre/fsw/portfolios/nvr/users/jonathanp/rl_token_routing/output_router_finetuning/pareto_g0.8_c256_ppo_aux0.01_cpb_n1_a0.01_kl0.0003_r86/checkpoint/pretrain-mcore-qwen3-moe-megatron-A3B-lr-1e-4-minlr-1e-6-bs-1-gbs-8-seqlen-128-pr-bf16-tp-1-pp-1-cp-1-ac-sel-do-true-sp-true-ti-5000-wi-10
pareto_g0.3_c256_ppo_aux0.007_cpb_n1_a0.01_r65,pekcs3wc,3085.85009765625,2.7423641681671143,2500,False,/lustre/fsw/portfolios/nvr/users/jonathanp/rl_token_routing/output_router_finetuning/pareto_g0.3_c256_ppo_aux0.007_cpb_n1_a0.01_r65/checkpoint/pretrain-mcore-qwen3-moe-megatron-A3B-lr-1e-4-minlr-1e-6-bs-1-gbs-8-seqlen-128-pr-bf16-tp-1-pp-1-cp-1-ac-sel-do-true-sp-true-ti-5000-wi-10
pareto_g0.8_c256_ppo_aux0.01_cpb_n1_a0.015_kl0.0003_r94,bbjq8rx2,3099.35009765625,2.7809031009674072,2000,False,/lustre/fsw/portfolios/nvr/users/jonathanp/rl_token_routing/output_router_finetuning/pareto_g0.8_c256_ppo_aux0.01_cpb_n1_a0.015_kl0.0003_r94/checkpoint/pretrain-mcore-qwen3-moe-megatron-A3B-lr-1e-4-minlr-1e-6-bs-1-gbs-8-seqlen-128-pr-bf16-tp-1-pp-1-cp-1-ac-sel-do-true-sp-true-ti-5000-wi-10
pareto_g0.8_c256_ppo_gae0.95_aux0.007_cpb_n1_a0.01_r67,t327598p,3118.14990234375,2.7353897094726562,2500,False,/lustre/fsw/portfolios/nvr/users/jonathanp/rl_token_routing/output_router_finetuning/pareto_g0.8_c256_ppo_gae0.95_aux0.007_cpb_n1_a0.01_r67/checkpoint/pretrain-mcore-qwen3-moe-megatron-A3B-lr-1e-4-minlr-1e-6-bs-1-gbs-8-seqlen-128-pr-bf16-tp-1-pp-1-cp-1-ac-sel-do-true-sp-true-ti-5000-wi-10
pareto_g0.8_c256_ppo_aux0.007_cpb_n1_a0.01_r66,k9ymtrsj,3129.85009765625,2.7223994731903076,2500,True,/lustre/fsw/portfolios/nvr/users/jonathanp/rl_token_routing/output_router_finetuning/pareto_g0.8_c256_ppo_aux0.007_cpb_n1_a0.01_r66/checkpoint/pretrain-mcore-qwen3-moe-megatron-A3B-lr-1e-4-minlr-1e-6-bs-1-gbs-8-seqlen-128-pr-bf16-tp-1-pp-1-cp-1-ac-sel-do-true-sp-true-ti-5000-wi-10
pareto_g0.8_c256_ppo_aux0.007_cpb_n1_a0.015_r74,fh1nytib,3136.5,2.7741141319274902,2000,False,/lustre/fsw/portfolios/nvr/users/jonathanp/rl_token_routing/output_router_finetuning/pareto_g0.8_c256_ppo_aux0.007_cpb_n1_a0.015_r74/checkpoint/pretrain-mcore-qwen3-moe-megatron-A3B-lr-1e-4-minlr-1e-6-bs-1-gbs-8-seqlen-128-pr-bf16-tp-1-pp-1-cp-1-ac-sel-do-true-sp-true-ti-5000-wi-10
pareto_g0_c256_ppo_gumbel_t0.3_aux0.005_cpb_n1_a0.01_r52,1a1xi9fw,3140.449951171875,2.7265615463256836,2500,False,/lustre/fsw/portfolios/nvr/users/jonathanp/rl_token_routing/output_router_finetuning/pareto_g0_c256_ppo_gumbel_t0.3_aux0.005_cpb_n1_a0.01_r52/checkpoint/pretrain-mcore-qwen3-moe-megatron-A3B-lr-1e-4-minlr-1e-6-bs-1-gbs-8-seqlen-128-pr-bf16-tp-1-pp-1-cp-1-ac-sel-do-true-sp-true-ti-5000-wi-10
pareto_g0_c256_ppo_aux0.005_cpb_n1_a0.01_r48,y0o8gasx,3142.300048828125,2.715785503387451,2500,True,/lustre/fsw/portfolios/nvr/users/jonathanp/rl_token_routing/output_router_finetuning/pareto_g0_c256_ppo_aux0.005_cpb_n1_a0.01_r48/checkpoint/pretrain-mcore-qwen3-moe-megatron-A3B-lr-1e-4-minlr-1e-6-bs-1-gbs-8-seqlen-128-pr-bf16-tp-1-pp-1-cp-1-ac-sel-do-true-sp-true-ti-5000-wi-10
pareto_g0.3_c256_ppo_aux0.005_cpb_n1_a0.01_r49,yovd6r6k,3145.89990234375,2.724391460418701,2500,False,/lustre/fsw/portfolios/nvr/users/jonathanp/rl_token_routing/output_router_finetuning/pareto_g0.3_c256_ppo_aux0.005_cpb_n1_a0.01_r49/checkpoint/pretrain-mcore-qwen3-moe-megatron-A3B-lr-1e-4-minlr-1e-6-bs-1-gbs-8-seqlen-128-pr-bf16-tp-1-pp-1-cp-1-ac-sel-do-true-sp-true-ti-5000-wi-10
pareto_g0_c256_ppo_aux0.007_cpb_n1_a0.015_kl0.0003_r76,w0r3ewnp,3159.75,2.726842164993286,2500,False,/lustre/fsw/portfolios/nvr/users/jonathanp/rl_token_routing/output_router_finetuning/pareto_g0_c256_ppo_aux0.007_cpb_n1_a0.015_kl0.0003_r76/checkpoint/pretrain-mcore-qwen3-moe-megatron-A3B-lr-1e-4-minlr-1e-6-bs-1-gbs-8-seqlen-128-pr-bf16-tp-1-pp-1-cp-1-ac-sel-do-true-sp-true-ti-5000-wi-10
pareto_g0.3_c256_ppo_gumbel_t0.3_aux0.005_cpb_n1_a0.01_r53,2bcjpwd4,3166.39990234375,2.7302329540252686,2500,False,/lustre/fsw/portfolios/nvr/users/jonathanp/rl_token_routing/output_router_finetuning/pareto_g0.3_c256_ppo_gumbel_t0.3_aux0.005_cpb_n1_a0.01_r53/checkpoint/pretrain-mcore-qwen3-moe-megatron-A3B-lr-1e-4-minlr-1e-6-bs-1-gbs-8-seqlen-128-pr-bf16-tp-1-pp-1-cp-1-ac-sel-do-true-sp-true-ti-5000-wi-10
pareto_g0.8_c256_ppo_aux0.007_cpb_n1_a0.015_kl0.0003_r78,omlnj4ko,3166.550048828125,2.727656126022339,2500,False,/lustre/fsw/portfolios/nvr/users/jonathanp/rl_token_routing/output_router_finetuning/pareto_g0.8_c256_ppo_aux0.007_cpb_n1_a0.015_kl0.0003_r78/checkpoint/pretrain-mcore-qwen3-moe-megatron-A3B-lr-1e-4-minlr-1e-6-bs-1-gbs-8-seqlen-128-pr-bf16-tp-1-pp-1-cp-1-ac-sel-do-true-sp-true-ti-5000-wi-10
pareto_g0_c256_ppo_aux0.01_cpb_n1_a0.01_kl0.0003_r84,z01yq64m,3173.199951171875,2.790701389312744,2000,False,/lustre/fsw/portfolios/nvr/users/jonathanp/rl_token_routing/output_router_finetuning/pareto_g0_c256_ppo_aux0.01_cpb_n1_a0.01_kl0.0003_r84/checkpoint/pretrain-mcore-qwen3-moe-megatron-A3B-lr-1e-4-minlr-1e-6-bs-1-gbs-8-seqlen-128-pr-bf16-tp-1-pp-1-cp-1-ac-sel-do-true-sp-true-ti-5000-wi-10
pareto_g0.8_c256_ppo_gae0.95_aux0.007_cpb_n1_a0.01_kl0.0003_r71,90y34576,3223.35009765625,2.727714776992798,2500,False,/lustre/fsw/portfolios/nvr/users/jonathanp/rl_token_routing/output_router_finetuning/pareto_g0.8_c256_ppo_gae0.95_aux0.007_cpb_n1_a0.01_kl0.0003_r71/checkpoint/pretrain-mcore-qwen3-moe-megatron-A3B-lr-1e-4-minlr-1e-6-bs-1-gbs-8-seqlen-128-pr-bf16-tp-1-pp-1-cp-1-ac-sel-do-true-sp-true-ti-5000-wi-10
pareto_g0.3_c256_ppo_aux0.007_cpb_n1_a0.01_kl0.0003_r69,jyxpujqy,3223.800048828125,2.708651065826416,2500,True,/lustre/fsw/portfolios/nvr/users/jonathanp/rl_token_routing/output_router_finetuning/pareto_g0.3_c256_ppo_aux0.007_cpb_n1_a0.01_kl0.0003_r69/checkpoint/pretrain-mcore-qwen3-moe-megatron-A3B-lr-1e-4-minlr-1e-6-bs-1-gbs-8-seqlen-128-pr-bf16-tp-1-pp-1-cp-1-ac-sel-do-true-sp-true-ti-5000-wi-10
pareto_g0.8_c256_ppo_aux0.007_cpb_n1_a0.01_kl0.0003_r70,9b7zld7y,3226.300048828125,2.717700481414795,2500,False,/lustre/fsw/portfolios/nvr/users/jonathanp/rl_token_routing/output_router_finetuning/pareto_g0.8_c256_ppo_aux0.007_cpb_n1_a0.01_kl0.0003_r70/checkpoint/pretrain-mcore-qwen3-moe-megatron-A3B-lr-1e-4-minlr-1e-6-bs-1-gbs-8-seqlen-128-pr-bf16-tp-1-pp-1-cp-1-ac-sel-do-true-sp-true-ti-5000-wi-10
pareto_g0_c256_ppo_aux0.007_cpb_n1_a0.01_kl0.0003_r68,21tk9n2j,3230.39990234375,2.7161502838134766,2500,False,/lustre/fsw/portfolios/nvr/users/jonathanp/rl_token_routing/output_router_finetuning/pareto_g0_c256_ppo_aux0.007_cpb_n1_a0.01_kl0.0003_r68/checkpoint/pretrain-mcore-qwen3-moe-megatron-A3B-lr-1e-4-minlr-1e-6-bs-1-gbs-8-seqlen-128-pr-bf16-tp-1-pp-1-cp-1-ac-sel-do-true-sp-true-ti-5000-wi-10
pareto_g0.3_c256_ppo_aux0.007_cpb_n1_a0.015_kl0.0003_r77,i87r3rr1,3235.800048828125,2.7545790672302246,2000,False,/lustre/fsw/portfolios/nvr/users/jonathanp/rl_token_routing/output_router_finetuning/pareto_g0.3_c256_ppo_aux0.007_cpb_n1_a0.015_kl0.0003_r77/checkpoint/pretrain-mcore-qwen3-moe-megatron-A3B-lr-1e-4-minlr-1e-6-bs-1-gbs-8-seqlen-128-pr-bf16-tp-1-pp-1-cp-1-ac-sel-do-true-sp-true-ti-5000-wi-10
pareto_g0.8_c256_ppo_aux0.005_cpb_n1_a0.01_r50,91xhxjy1,3237.5,2.71332049369812,2500,False,/lustre/fsw/portfolios/nvr/users/jonathanp/rl_token_routing/output_router_finetuning/pareto_g0.8_c256_ppo_aux0.005_cpb_n1_a0.01_r50/checkpoint/pretrain-mcore-qwen3-moe-megatron-A3B-lr-1e-4-minlr-1e-6-bs-1-gbs-8-seqlen-128-pr-bf16-tp-1-pp-1-cp-1-ac-sel-do-true-sp-true-ti-5000-wi-10
pareto_g0.8_c256_ppo_gumbel_t0.3_gae0.95_aux0.005_cpb_n1_a0.01_r55,tvg004pd,3238.14990234375,2.716062545776367,2500,False,/lustre/fsw/portfolios/nvr/users/jonathanp/rl_token_routing/output_router_finetuning/pareto_g0.8_c256_ppo_gumbel_t0.3_gae0.95_aux0.005_cpb_n1_a0.01_r55/checkpoint/pretrain-mcore-qwen3-moe-megatron-A3B-lr-1e-4-minlr-1e-6-bs-1-gbs-8-seqlen-128-pr-bf16-tp-1-pp-1-cp-1-ac-sel-do-true-sp-true-ti-5000-wi-10
pareto_g0.8_c256_ppo_gae0.95_aux0.005_cpb_n1_a0.01_r51,7wt7zjel,3239.14990234375,2.7058756351470947,2500,True,/lustre/fsw/portfolios/nvr/users/jonathanp/rl_token_routing/output_router_finetuning/pareto_g0.8_c256_ppo_gae0.95_aux0.005_cpb_n1_a0.01_r51/checkpoint/pretrain-mcore-qwen3-moe-megatron-A3B-lr-1e-4-minlr-1e-6-bs-1-gbs-8-seqlen-128-pr-bf16-tp-1-pp-1-cp-1-ac-sel-do-true-sp-true-ti-5000-wi-10
pareto_g0.8_c256_ppo_gae0.95_aux0.007_cpb_n1_a0.015_kl0.0003_r79,pzux0d1i,3240.10009765625,2.766307830810547,2000,False,/lustre/fsw/portfolios/nvr/users/jonathanp/rl_token_routing/output_router_finetuning/pareto_g0.8_c256_ppo_gae0.95_aux0.007_cpb_n1_a0.015_kl0.0003_r79/checkpoint/pretrain-mcore-qwen3-moe-megatron-A3B-lr-1e-4-minlr-1e-6-bs-1-gbs-8-seqlen-128-pr-bf16-tp-1-pp-1-cp-1-ac-sel-do-true-sp-true-ti-5000-wi-10
pareto_g0_c256_ppo_aux0.003_cpb_n1_a0.01_r16,19xiqjuq,3241.89990234375,2.70930552482605,2500,False,/lustre/fsw/portfolios/nvr/users/jonathanp/rl_token_routing/output_router_finetuning/pareto_g0_c256_ppo_aux0.003_cpb_n1_a0.01_r16/checkpoint/pretrain-mcore-qwen3-moe-megatron-A3B-lr-1e-4-minlr-1e-6-bs-1-gbs-8-seqlen-128-pr-bf16-tp-1-pp-1-cp-1-ac-sel-do-true-sp-true-ti-5000-wi-10
pareto_g0.8_c256_ppo_gumbel_t0.3_aux0.005_cpb_n1_a0.01_r54,gq2pf8r5,3248.300048828125,2.7114899158477783,2500,False,/lustre/fsw/portfolios/nvr/users/jonathanp/rl_token_routing/output_router_finetuning/pareto_g0.8_c256_ppo_gumbel_t0.3_aux0.005_cpb_n1_a0.01_r54/checkpoint/pretrain-mcore-qwen3-moe-megatron-A3B-lr-1e-4-minlr-1e-6-bs-1-gbs-8-seqlen-128-pr-bf16-tp-1-pp-1-cp-1-ac-sel-do-true-sp-true-ti-5000-wi-10
pareto_g0_c256_ppo_gumbel_t0.3_aux0.003_cpb_n1_a0.01_r20,oxu7o7md,3259.050048828125,2.7112300395965576,2500,False,/lustre/fsw/portfolios/nvr/users/jonathanp/rl_token_routing/output_router_finetuning/pareto_g0_c256_ppo_gumbel_t0.3_aux0.003_cpb_n1_a0.01_r20/checkpoint/pretrain-mcore-qwen3-moe-megatron-A3B-lr-1e-4-minlr-1e-6-bs-1-gbs-8-seqlen-128-pr-bf16-tp-1-pp-1-cp-1-ac-sel-do-true-sp-true-ti-5000-wi-10
pareto_g0.3_c256_ppo_aux0.01_cpb_n1_a0.01_kl0.0003_r85,y2j3glxe,3266.14990234375,2.705575704574585,1500,True,/lustre/fsw/portfolios/nvr/users/jonathanp/rl_token_routing/output_router_finetuning/pareto_g0.3_c256_ppo_aux0.01_cpb_n1_a0.01_kl0.0003_r85/checkpoint/pretrain-mcore-qwen3-moe-megatron-A3B-lr-1e-4-minlr-1e-6-bs-1-gbs-8-seqlen-128-pr-bf16-tp-1-pp-1-cp-1-ac-sel-do-true-sp-true-ti-5000-wi-10
pareto_norl_aux0.005_cpb_n1_a0.015_r98,74fpjv4g,3283.89990234375,2.7069766521453857,2500,False,/lustre/fsw/portfolios/nvr/users/jonathanp/rl_token_routing/output_router_finetuning/pareto_norl_aux0.005_cpb_n1_a0.015_r98/checkpoint/pretrain-mcore-qwen3-moe-megatron-A3B-lr-1e-4-minlr-1e-6-bs-1-gbs-8-seqlen-128-pr-bf16-tp-1-pp-1-cp-1-ac-sel-do-true-sp-true-ti-5000-wi-10
pareto_g0.3_c256_ppo_gumbel_t0.3_aux0.003_cpb_n1_a0.01_r21,fhsphweq,3285.64990234375,2.7054975032806396,2500,True,/lustre/fsw/portfolios/nvr/users/jonathanp/rl_token_routing/output_router_finetuning/pareto_g0.3_c256_ppo_gumbel_t0.3_aux0.003_cpb_n1_a0.01_r21/checkpoint/pretrain-mcore-qwen3-moe-megatron-A3B-lr-1e-4-minlr-1e-6-bs-1-gbs-8-seqlen-128-pr-bf16-tp-1-pp-1-cp-1-ac-sel-do-true-sp-true-ti-5000-wi-10
pareto_g0_c256_ppo_gumbel_t0.3_aux0.005_cpb_n1_a0.005_r36,697ke6o3,3295.199951171875,2.6964964866638184,2500,True,/lustre/fsw/portfolios/nvr/users/jonathanp/rl_token_routing/output_router_finetuning/pareto_g0_c256_ppo_gumbel_t0.3_aux0.005_cpb_n1_a0.005_r36/checkpoint/pretrain-mcore-qwen3-moe-megatron-A3B-lr-1e-4-minlr-1e-6-bs-1-gbs-8-seqlen-128-pr-bf16-tp-1-pp-1-cp-1-ac-sel-do-true-sp-true-ti-5000-wi-10
pareto_g0_c256_ppo_aux0.005_cpb_n1_a0.005_r32,cz7lsf8z,3301.25,2.704195499420166,2500,False,/lustre/fsw/portfolios/nvr/users/jonathanp/rl_token_routing/output_router_finetuning/pareto_g0_c256_ppo_aux0.005_cpb_n1_a0.005_r32/checkpoint/pretrain-mcore-qwen3-moe-megatron-A3B-lr-1e-4-minlr-1e-6-bs-1-gbs-8-seqlen-128-pr-bf16-tp-1-pp-1-cp-1-ac-sel-do-true-sp-true-ti-5000-wi-10
pareto_g0.3_c256_ppo_aux0.003_cpb_n1_a0.01_r17,h0y5kmih,3301.85009765625,2.6926465034484863,2500,True,/lustre/fsw/portfolios/nvr/users/jonathanp/rl_token_routing/output_router_finetuning/pareto_g0.3_c256_ppo_aux0.003_cpb_n1_a0.01_r17/checkpoint/pretrain-mcore-qwen3-moe-megatron-A3B-lr-1e-4-minlr-1e-6-bs-1-gbs-8-seqlen-128-pr-bf16-tp-1-pp-1-cp-1-ac-sel-do-true-sp-true-ti-5000-wi-10
pareto_norl_aux0.01_r100,i24ib8s2,3306.39990234375,2.7007336616516113,2500,False,/lustre/fsw/portfolios/nvr/users/jonathanp/rl_token_routing/output_router_finetuning/pareto_norl_aux0.01_r100/checkpoint/pretrain-mcore-qwen3-moe-megatron-A3B-lr-1e-4-minlr-1e-6-bs-1-gbs-8-seqlen-128-pr-bf16-tp-1-pp-1-cp-1-ac-sel-do-true-sp-true-ti-5000-wi-10
pareto_g0.3_c256_ppo_gumbel_t0.3_aux0.005_cpb_n1_a0.005_r37,0k470tiu,3323.199951171875,2.700446605682373,2500,False,/lustre/fsw/portfolios/nvr/users/jonathanp/rl_token_routing/output_router_finetuning/pareto_g0.3_c256_ppo_gumbel_t0.3_aux0.005_cpb_n1_a0.005_r37/checkpoint/pretrain-mcore-qwen3-moe-megatron-A3B-lr-1e-4-minlr-1e-6-bs-1-gbs-8-seqlen-128-pr-bf16-tp-1-pp-1-cp-1-ac-sel-do-true-sp-true-ti-5000-wi-10
pareto_g0.3_c256_ppo_aux0.005_cpb_n1_a0.005_r33,nzynnjwl,3331.39990234375,2.7033703327178955,2500,False,/lustre/fsw/portfolios/nvr/users/jonathanp/rl_token_routing/output_router_finetuning/pareto_g0.3_c256_ppo_aux0.005_cpb_n1_a0.005_r33/checkpoint/pretrain-mcore-qwen3-moe-megatron-A3B-lr-1e-4-minlr-1e-6-bs-1-gbs-8-seqlen-128-pr-bf16-tp-1-pp-1-cp-1-ac-sel-do-true-sp-true-ti-5000-wi-10
pareto_norl_aux0.005_cpb_n1_a0.01_r97,5lqlw834,3338.64990234375,2.6914889812469482,2500,True,/lustre/fsw/portfolios/nvr/users/jonathanp/rl_token_routing/output_router_finetuning/pareto_norl_aux0.005_cpb_n1_a0.01_r97/checkpoint/pretrain-mcore-qwen3-moe-megatron-A3B-lr-1e-4-minlr-1e-6-bs-1-gbs-8-seqlen-128-pr-bf16-tp-1-pp-1-cp-1-ac-sel-do-true-sp-true-ti-5000-wi-10
pareto_g0.8_c256_ppo_gumbel_t0.3_gae0.95_aux0.005_cpb_n1_a0.01_kl0.0003_r63,uwrlmkrw,3340.89990234375,2.694221019744873,2500,False,/lustre/fsw/portfolios/nvr/users/jonathanp/rl_token_routing/output_router_finetuning/pareto_g0.8_c256_ppo_gumbel_t0.3_gae0.95_aux0.005_cpb_n1_a0.01_kl0.0003_r63/checkpoint/pretrain-mcore-qwen3-moe-megatron-A3B-lr-1e-4-minlr-1e-6-bs-1-gbs-8-seqlen-128-pr-bf16-tp-1-pp-1-cp-1-ac-sel-do-true-sp-true-ti-5000-wi-10
pareto_g0_c256_ppo_aux0.005_cpb_n1_a0.01_kl0.0003_r56,5kkpoxh7,3342.800048828125,2.6920697689056396,2500,False,/lustre/fsw/portfolios/nvr/users/jonathanp/rl_token_routing/output_router_finetuning/pareto_g0_c256_ppo_aux0.005_cpb_n1_a0.01_kl0.0003_r56/checkpoint/pretrain-mcore-qwen3-moe-megatron-A3B-lr-1e-4-minlr-1e-6-bs-1-gbs-8-seqlen-128-pr-bf16-tp-1-pp-1-cp-1-ac-sel-do-true-sp-true-ti-5000-wi-10
pareto_g0.8_c256_ppo_gumbel_t0.3_aux0.005_cpb_n1_a0.01_kl0.0003_r62,v2g74znu,3343.10009765625,2.6986849308013916,2500,False,/lustre/fsw/portfolios/nvr/users/jonathanp/rl_token_routing/output_router_finetuning/pareto_g0.8_c256_ppo_gumbel_t0.3_aux0.005_cpb_n1_a0.01_kl0.0003_r62/checkpoint/pretrain-mcore-qwen3-moe-megatron-A3B-lr-1e-4-minlr-1e-6-bs-1-gbs-8-seqlen-128-pr-bf16-tp-1-pp-1-cp-1-ac-sel-do-true-sp-true-ti-5000-wi-10
pareto_g0.3_c256_ppo_aux0.005_cpb_n1_a0.01_kl0.0003_r57,d12v6p0b,3344.050048828125,2.6934475898742676,2500,False,/lustre/fsw/portfolios/nvr/users/jonathanp/rl_token_routing/output_router_finetuning/pareto_g0.3_c256_ppo_aux0.005_cpb_n1_a0.01_kl0.0003_r57/checkpoint/pretrain-mcore-qwen3-moe-megatron-A3B-lr-1e-4-minlr-1e-6-bs-1-gbs-8-seqlen-128-pr-bf16-tp-1-pp-1-cp-1-ac-sel-do-true-sp-true-ti-5000-wi-10
pareto_g0.8_c256_ppo_gae0.95_aux0.005_cpb_n1_a0.01_kl0.0003_r59,sm0kxtcd,3354.050048828125,2.6894071102142334,2500,True,/lustre/fsw/portfolios/nvr/users/jonathanp/rl_token_routing/output_router_finetuning/pareto_g0.8_c256_ppo_gae0.95_aux0.005_cpb_n1_a0.01_kl0.0003_r59/checkpoint/pretrain-mcore-qwen3-moe-megatron-A3B-lr-1e-4-minlr-1e-6-bs-1-gbs-8-seqlen-128-pr-bf16-tp-1-pp-1-cp-1-ac-sel-do-true-sp-true-ti-5000-wi-10
pareto_g0.8_c256_ppo_aux0.005_cpb_n1_a0.01_kl0.0003_r58,9gw1ug9f,3354.60009765625,2.692577600479126,2500,False,/lustre/fsw/portfolios/nvr/users/jonathanp/rl_token_routing/output_router_finetuning/pareto_g0.8_c256_ppo_aux0.005_cpb_n1_a0.01_kl0.0003_r58/checkpoint/pretrain-mcore-qwen3-moe-megatron-A3B-lr-1e-4-minlr-1e-6-bs-1-gbs-8-seqlen-128-pr-bf16-tp-1-pp-1-cp-1-ac-sel-do-true-sp-true-ti-5000-wi-10
pareto_g0.8_c256_ppo_gumbel_t0.3_gae0.95_aux0.003_cpb_n1_a0.01_r23,qnawxtb2,3378.449951171875,2.6868770122528076,2500,True,/lustre/fsw/portfolios/nvr/users/jonathanp/rl_token_routing/output_router_finetuning/pareto_g0.8_c256_ppo_gumbel_t0.3_gae0.95_aux0.003_cpb_n1_a0.01_r23/checkpoint/pretrain-mcore-qwen3-moe-megatron-A3B-lr-1e-4-minlr-1e-6-bs-1-gbs-8-seqlen-128-pr-bf16-tp-1-pp-1-cp-1-ac-sel-do-true-sp-true-ti-5000-wi-10
pareto_g0.8_c256_ppo_gae0.95_aux0.003_cpb_n1_a0.01_r19,adpc1sxy,3385.14990234375,2.6900405883789062,2500,False,/lustre/fsw/portfolios/nvr/users/jonathanp/rl_token_routing/output_router_finetuning/pareto_g0.8_c256_ppo_gae0.95_aux0.003_cpb_n1_a0.01_r19/checkpoint/pretrain-mcore-qwen3-moe-megatron-A3B-lr-1e-4-minlr-1e-6-bs-1-gbs-8-seqlen-128-pr-bf16-tp-1-pp-1-cp-1-ac-sel-do-true-sp-true-ti-5000-wi-10
pareto_g0.8_c256_ppo_gumbel_t0.3_aux0.003_cpb_n1_a0.01_r22,mdzsj29z,3388.89990234375,2.6920182704925537,2500,False,/lustre/fsw/portfolios/nvr/users/jonathanp/rl_token_routing/output_router_finetuning/pareto_g0.8_c256_ppo_gumbel_t0.3_aux0.003_cpb_n1_a0.01_r22/checkpoint/pretrain-mcore-qwen3-moe-megatron-A3B-lr-1e-4-minlr-1e-6-bs-1-gbs-8-seqlen-128-pr-bf16-tp-1-pp-1-cp-1-ac-sel-do-true-sp-true-ti-5000-wi-10
pareto_g0.8_c256_ppo_aux0.003_cpb_n1_a0.01_r18,ew1relpx,3400.35009765625,2.6876626014709473,2500,False,/lustre/fsw/portfolios/nvr/users/jonathanp/rl_token_routing/output_router_finetuning/pareto_g0.8_c256_ppo_aux0.003_cpb_n1_a0.01_r18/checkpoint/pretrain-mcore-qwen3-moe-megatron-A3B-lr-1e-4-minlr-1e-6-bs-1-gbs-8-seqlen-128-pr-bf16-tp-1-pp-1-cp-1-ac-sel-do-true-sp-true-ti-5000-wi-10
pareto_g0.8_c256_ppo_gae0.95_aux0.005_cpb_n1_a0.005_r35,qy1snh65,3403.75,2.6910195350646973,2500,False,/lustre/fsw/portfolios/nvr/users/jonathanp/rl_token_routing/output_router_finetuning/pareto_g0.8_c256_ppo_gae0.95_aux0.005_cpb_n1_a0.005_r35/checkpoint/pretrain-mcore-qwen3-moe-megatron-A3B-lr-1e-4-minlr-1e-6-bs-1-gbs-8-seqlen-128-pr-bf16-tp-1-pp-1-cp-1-ac-sel-do-true-sp-true-ti-5000-wi-10
pareto_g0_c256_ppo_gumbel_t0.3_aux0.005_cpb_n1_a0.01_kl0.0003_r60,6ywxc8gc,3414.699951171875,2.7158260345458984,2000,False,/lustre/fsw/portfolios/nvr/users/jonathanp/rl_token_routing/output_router_finetuning/pareto_g0_c256_ppo_gumbel_t0.3_aux0.005_cpb_n1_a0.01_kl0.0003_r60/checkpoint/pretrain-mcore-qwen3-moe-megatron-A3B-lr-1e-4-minlr-1e-6-bs-1-gbs-8-seqlen-128-pr-bf16-tp-1-pp-1-cp-1-ac-sel-do-true-sp-true-ti-5000-wi-10
pareto_g0.8_c256_ppo_gumbel_t0.3_aux0.005_cpb_n1_a0.005_r38,h77n74qy,3416.449951171875,2.6845970153808594,2500,True,/lustre/fsw/portfolios/nvr/users/jonathanp/rl_token_routing/output_router_finetuning/pareto_g0.8_c256_ppo_gumbel_t0.3_aux0.005_cpb_n1_a0.005_r38/checkpoint/pretrain-mcore-qwen3-moe-megatron-A3B-lr-1e-4-minlr-1e-6-bs-1-gbs-8-seqlen-128-pr-bf16-tp-1-pp-1-cp-1-ac-sel-do-true-sp-true-ti-5000-wi-10
pareto_g0.8_c256_ppo_gumbel_t0.3_gae0.95_aux0.005_cpb_n1_a0.005_r39,jvz3bttj,3416.550048828125,2.6959128379821777,2500,False,/lustre/fsw/portfolios/nvr/users/jonathanp/rl_token_routing/output_router_finetuning/pareto_g0.8_c256_ppo_gumbel_t0.3_gae0.95_aux0.005_cpb_n1_a0.005_r39/checkpoint/pretrain-mcore-qwen3-moe-megatron-A3B-lr-1e-4-minlr-1e-6-bs-1-gbs-8-seqlen-128-pr-bf16-tp-1-pp-1-cp-1-ac-sel-do-true-sp-true-ti-5000-wi-10
pareto_g0.8_c256_ppo_aux0.005_cpb_n1_a0.005_r34,ml7pi9mc,3417.199951171875,2.6847989559173584,2500,False,/lustre/fsw/portfolios/nvr/users/jonathanp/rl_token_routing/output_router_finetuning/pareto_g0.8_c256_ppo_aux0.005_cpb_n1_a0.005_r34/checkpoint/pretrain-mcore-qwen3-moe-megatron-A3B-lr-1e-4-minlr-1e-6-bs-1-gbs-8-seqlen-128-pr-bf16-tp-1-pp-1-cp-1-ac-sel-do-true-sp-true-ti-5000-wi-10
pareto_g0.3_c256_ppo_gumbel_t0.3_aux0.005_cpb_n1_a0.01_kl0.0003_r61,s5xvxrlh,3419.89990234375,2.723574161529541,2000,False,/lustre/fsw/portfolios/nvr/users/jonathanp/rl_token_routing/output_router_finetuning/pareto_g0.3_c256_ppo_gumbel_t0.3_aux0.005_cpb_n1_a0.01_kl0.0003_r61/checkpoint/pretrain-mcore-qwen3-moe-megatron-A3B-lr-1e-4-minlr-1e-6-bs-1-gbs-8-seqlen-128-pr-bf16-tp-1-pp-1-cp-1-ac-sel-do-true-sp-true-ti-5000-wi-10
pareto_g0_c256_ppo_aux0.003_cpb_n1_a0.01_kl0.0003_r24,83rauzg7,3501.85009765625,2.665449380874634,2500,True,/lustre/fsw/portfolios/nvr/users/jonathanp/rl_token_routing/output_router_finetuning/pareto_g0_c256_ppo_aux0.003_cpb_n1_a0.01_kl0.0003_r24/checkpoint/pretrain-mcore-qwen3-moe-megatron-A3B-lr-1e-4-minlr-1e-6-bs-1-gbs-8-seqlen-128-pr-bf16-tp-1-pp-1-cp-1-ac-sel-do-true-sp-true-ti-5000-wi-10
pareto_g0.3_c256_ppo_aux0.003_cpb_n1_a0.01_kl0.0003_r25,clexfcfz,3504.60009765625,2.666872024536133,2500,False,/lustre/fsw/portfolios/nvr/users/jonathanp/rl_token_routing/output_router_finetuning/pareto_g0.3_c256_ppo_aux0.003_cpb_n1_a0.01_kl0.0003_r25/checkpoint/pretrain-mcore-qwen3-moe-megatron-A3B-lr-1e-4-minlr-1e-6-bs-1-gbs-8-seqlen-128-pr-bf16-tp-1-pp-1-cp-1-ac-sel-do-true-sp-true-ti-5000-wi-10
pareto_g0.8_c256_ppo_gumbel_t0.3_gae0.95_aux0.005_cpb_n1_a0.005_kl0.0003_r47,y418xdok,3504.89990234375,2.669412136077881,2500,False,/lustre/fsw/portfolios/nvr/users/jonathanp/rl_token_routing/output_router_finetuning/pareto_g0.8_c256_ppo_gumbel_t0.3_gae0.95_aux0.005_cpb_n1_a0.005_kl0.0003_r47/checkpoint/pretrain-mcore-qwen3-moe-megatron-A3B-lr-1e-4-minlr-1e-6-bs-1-gbs-8-seqlen-128-pr-bf16-tp-1-pp-1-cp-1-ac-sel-do-true-sp-true-ti-5000-wi-10
pareto_g0.8_c256_ppo_gumbel_t0.3_gae0.95_aux0.003_cpb_n1_a0.01_kl0.0003_r31,x7guj3nq,3506.699951171875,2.672056198120117,2500,False,/lustre/fsw/portfolios/nvr/users/jonathanp/rl_token_routing/output_router_finetuning/pareto_g0.8_c256_ppo_gumbel_t0.3_gae0.95_aux0.003_cpb_n1_a0.01_kl0.0003_r31/checkpoint/pretrain-mcore-qwen3-moe-megatron-A3B-lr-1e-4-minlr-1e-6-bs-1-gbs-8-seqlen-128-pr-bf16-tp-1-pp-1-cp-1-ac-sel-do-true-sp-true-ti-5000-wi-10
pareto_g0.8_c256_ppo_gumbel_t0.3_aux0.003_cpb_n1_a0.01_kl0.0003_r30,o5jyggp5,3506.949951171875,2.6627960205078125,2500,True,/lustre/fsw/portfolios/nvr/users/jonathanp/rl_token_routing/output_router_finetuning/pareto_g0.8_c256_ppo_gumbel_t0.3_aux0.003_cpb_n1_a0.01_kl0.0003_r30/checkpoint/pretrain-mcore-qwen3-moe-megatron-A3B-lr-1e-4-minlr-1e-6-bs-1-gbs-8-seqlen-128-pr-bf16-tp-1-pp-1-cp-1-ac-sel-do-true-sp-true-ti-5000-wi-10
pareto_g0.8_c256_ppo_gumbel_t0.3_aux0.005_cpb_n1_a0.005_kl0.0003_r46,wrka06e2,3507.050048828125,2.6659598350524902,2500,False,/lustre/fsw/portfolios/nvr/users/jonathanp/rl_token_routing/output_router_finetuning/pareto_g0.8_c256_ppo_gumbel_t0.3_aux0.005_cpb_n1_a0.005_kl0.0003_r46/checkpoint/pretrain-mcore-qwen3-moe-megatron-A3B-lr-1e-4-minlr-1e-6-bs-1-gbs-8-seqlen-128-pr-bf16-tp-1-pp-1-cp-1-ac-sel-do-true-sp-true-ti-5000-wi-10
pareto_g0.3_c256_ppo_gumbel_t0.3_aux0.005_cpb_n1_a0.005_kl0.0003_r45,f7u6ijfu,3507.10009765625,2.666452407836914,2500,False,/lustre/fsw/portfolios/nvr/users/jonathanp/rl_token_routing/output_router_finetuning/pareto_g0.3_c256_ppo_gumbel_t0.3_aux0.005_cpb_n1_a0.005_kl0.0003_r45/checkpoint/pretrain-mcore-qwen3-moe-megatron-A3B-lr-1e-4-minlr-1e-6-bs-1-gbs-8-seqlen-128-pr-bf16-tp-1-pp-1-cp-1-ac-sel-do-true-sp-true-ti-5000-wi-10
pareto_g0.3_c256_ppo_gumbel_t0.3_aux0.003_cpb_n1_a0.01_kl0.0003_r29,4nu327sq,3509.35009765625,2.669349193572998,2500,False,/lustre/fsw/portfolios/nvr/users/jonathanp/rl_token_routing/output_router_finetuning/pareto_g0.3_c256_ppo_gumbel_t0.3_aux0.003_cpb_n1_a0.01_kl0.0003_r29/checkpoint/pretrain-mcore-qwen3-moe-megatron-A3B-lr-1e-4-minlr-1e-6-bs-1-gbs-8-seqlen-128-pr-bf16-tp-1-pp-1-cp-1-ac-sel-do-true-sp-true-ti-5000-wi-10
pareto_g0.8_c256_ppo_gae0.95_aux0.005_cpb_n1_a0.005_kl0.0003_r43,3nzj87xy,3509.64990234375,2.667006731033325,2500,False,/lustre/fsw/portfolios/nvr/users/jonathanp/rl_token_routing/output_router_finetuning/pareto_g0.8_c256_ppo_gae0.95_aux0.005_cpb_n1_a0.005_kl0.0003_r43/checkpoint/pretrain-mcore-qwen3-moe-megatron-A3B-lr-1e-4-minlr-1e-6-bs-1-gbs-8-seqlen-128-pr-bf16-tp-1-pp-1-cp-1-ac-sel-do-true-sp-true-ti-5000-wi-10
pareto_g0_c256_ppo_gumbel_t0.3_aux0.003_cpb_n1_a0.01_kl0.0003_r28,3tt9ybqw,3510.89990234375,2.6685290336608887,2500,False,/lustre/fsw/portfolios/nvr/users/jonathanp/rl_token_routing/output_router_finetuning/pareto_g0_c256_ppo_gumbel_t0.3_aux0.003_cpb_n1_a0.01_kl0.0003_r28/checkpoint/pretrain-mcore-qwen3-moe-megatron-A3B-lr-1e-4-minlr-1e-6-bs-1-gbs-8-seqlen-128-pr-bf16-tp-1-pp-1-cp-1-ac-sel-do-true-sp-true-ti-5000-wi-10
pareto_g0.3_c256_ppo_aux0.005_cpb_n1_a0.005_kl0.0003_r41,rlf0dafo,3511.35009765625,2.667719841003418,2500,False,/lustre/fsw/portfolios/nvr/users/jonathanp/rl_token_routing/output_router_finetuning/pareto_g0.3_c256_ppo_aux0.005_cpb_n1_a0.005_kl0.0003_r41/checkpoint/pretrain-mcore-qwen3-moe-megatron-A3B-lr-1e-4-minlr-1e-6-bs-1-gbs-8-seqlen-128-pr-bf16-tp-1-pp-1-cp-1-ac-sel-do-true-sp-true-ti-5000-wi-10
pareto_g0.8_c256_ppo_aux0.005_cpb_n1_a0.005_kl0.0003_r42,8fvi8pdx,3512.550048828125,2.667724132537842,2500,False,/lustre/fsw/portfolios/nvr/users/jonathanp/rl_token_routing/output_router_finetuning/pareto_g0.8_c256_ppo_aux0.005_cpb_n1_a0.005_kl0.0003_r42/checkpoint/pretrain-mcore-qwen3-moe-megatron-A3B-lr-1e-4-minlr-1e-6-bs-1-gbs-8-seqlen-128-pr-bf16-tp-1-pp-1-cp-1-ac-sel-do-true-sp-true-ti-5000-wi-10
pareto_g0_c256_ppo_aux0.005_cpb_n1_a0.005_kl0.0003_r40,3oxrhirg,3512.550048828125,2.6688435077667236,2500,False,/lustre/fsw/portfolios/nvr/users/jonathanp/rl_token_routing/output_router_finetuning/pareto_g0_c256_ppo_aux0.005_cpb_n1_a0.005_kl0.0003_r40/checkpoint/pretrain-mcore-qwen3-moe-megatron-A3B-lr-1e-4-minlr-1e-6-bs-1-gbs-8-seqlen-128-pr-bf16-tp-1-pp-1-cp-1-ac-sel-do-true-sp-true-ti-5000-wi-10
pareto_g0.8_c256_ppo_aux0.003_cpb_n1_a0.01_kl0.0003_r26,faudtbnb,3513.800048828125,2.6689398288726807,2500,False,/lustre/fsw/portfolios/nvr/users/jonathanp/rl_token_routing/output_router_finetuning/pareto_g0.8_c256_ppo_aux0.003_cpb_n1_a0.01_kl0.0003_r26/checkpoint/pretrain-mcore-qwen3-moe-megatron-A3B-lr-1e-4-minlr-1e-6-bs-1-gbs-8-seqlen-128-pr-bf16-tp-1-pp-1-cp-1-ac-sel-do-true-sp-true-ti-5000-wi-10
pareto_g0_c256_ppo_gumbel_t0.3_aux0.005_cpb_n1_a0.005_kl0.0003_r44,6q7e3c6j,3514.5,2.665590286254883,2500,False,/lustre/fsw/portfolios/nvr/users/jonathanp/rl_token_routing/output_router_finetuning/pareto_g0_c256_ppo_gumbel_t0.3_aux0.005_cpb_n1_a0.005_kl0.0003_r44/checkpoint/pretrain-mcore-qwen3-moe-megatron-A3B-lr-1e-4-minlr-1e-6-bs-1-gbs-8-seqlen-128-pr-bf16-tp-1-pp-1-cp-1-ac-sel-do-true-sp-true-ti-5000-wi-10
pareto_g0.8_c256_ppo_gae0.95_aux0.003_cpb_n1_a0.01_kl0.0003_r27,9n9e306c,3518.64990234375,2.6668741703033447,2500,False,/lustre/fsw/portfolios/nvr/users/jonathanp/rl_token_routing/output_router_finetuning/pareto_g0.8_c256_ppo_gae0.95_aux0.003_cpb_n1_a0.01_kl0.0003_r27/checkpoint/pretrain-mcore-qwen3-moe-megatron-A3B-lr-1e-4-minlr-1e-6-bs-1-gbs-8-seqlen-128-pr-bf16-tp-1-pp-1-cp-1-ac-sel-do-true-sp-true-ti-5000-wi-10
pareto_norl_aux0.007_r99,kihw1714,3533.800048828125,2.6716349124908447,2500,False,/lustre/fsw/portfolios/nvr/users/jonathanp/rl_token_routing/output_router_finetuning/pareto_norl_aux0.007_r99/checkpoint/pretrain-mcore-qwen3-moe-megatron-A3B-lr-1e-4-minlr-1e-6-bs-1-gbs-8-seqlen-128-pr-bf16-tp-1-pp-1-cp-1-ac-sel-do-true-sp-true-ti-5000-wi-10
pareto_g0.3_c256_ppo_gumbel_t0.3_aux0.003_cpb_n1_a0.005_kl0.0003_r13,wqad54a9,3706.300048828125,2.645024538040161,2500,True,/lustre/fsw/portfolios/nvr/users/jonathanp/rl_token_routing/output_router_finetuning/pareto_g0.3_c256_ppo_gumbel_t0.3_aux0.003_cpb_n1_a0.005_kl0.0003_r13/checkpoint/pretrain-mcore-qwen3-moe-megatron-A3B-lr-1e-4-minlr-1e-6-bs-1-gbs-8-seqlen-128-pr-bf16-tp-1-pp-1-cp-1-ac-sel-do-true-sp-true-ti-5000-wi-10
pareto_g0.3_c256_ppo_aux0.003_cpb_n1_a0.005_kl0.0003_r09,w3ap3e78,3707.949951171875,2.642728090286255,2500,True,/lustre/fsw/portfolios/nvr/users/jonathanp/rl_token_routing/output_router_finetuning/pareto_g0.3_c256_ppo_aux0.003_cpb_n1_a0.005_kl0.0003_r09/checkpoint/pretrain-mcore-qwen3-moe-megatron-A3B-lr-1e-4-minlr-1e-6-bs-1-gbs-8-seqlen-128-pr-bf16-tp-1-pp-1-cp-1-ac-sel-do-true-sp-true-ti-5000-wi-10
pareto_g0.8_c256_ppo_gae0.95_aux0.003_cpb_n1_a0.005_kl0.0003_r11,ju8wovam,3708.300048828125,2.6416943073272705,2500,True,/lustre/fsw/portfolios/nvr/users/jonathanp/rl_token_routing/output_router_finetuning/pareto_g0.8_c256_ppo_gae0.95_aux0.003_cpb_n1_a0.005_kl0.0003_r11/checkpoint/pretrain-mcore-qwen3-moe-megatron-A3B-lr-1e-4-minlr-1e-6-bs-1-gbs-8-seqlen-128-pr-bf16-tp-1-pp-1-cp-1-ac-sel-do-true-sp-true-ti-5000-wi-10
pareto_g0.8_c256_ppo_aux0.003_cpb_n1_a0.005_kl0.0003_r10,rsat1nbx,3709.10009765625,2.640288829803467,2500,True,/lustre/fsw/portfolios/nvr/users/jonathanp/rl_token_routing/output_router_finetuning/pareto_g0.8_c256_ppo_aux0.003_cpb_n1_a0.005_kl0.0003_r10/checkpoint/pretrain-mcore-qwen3-moe-megatron-A3B-lr-1e-4-minlr-1e-6-bs-1-gbs-8-seqlen-128-pr-bf16-tp-1-pp-1-cp-1-ac-sel-do-true-sp-true-ti-5000-wi-10
pareto_g0_c256_ppo_aux0.003_cpb_n1_a0.005_kl0.0003_r08,ht6g897v,3709.14990234375,2.6450300216674805,2500,False,/lustre/fsw/portfolios/nvr/users/jonathanp/rl_token_routing/output_router_finetuning/pareto_g0_c256_ppo_aux0.003_cpb_n1_a0.005_kl0.0003_r08/checkpoint/pretrain-mcore-qwen3-moe-megatron-A3B-lr-1e-4-minlr-1e-6-bs-1-gbs-8-seqlen-128-pr-bf16-tp-1-pp-1-cp-1-ac-sel-do-true-sp-true-ti-5000-wi-10
pareto_g0.8_c256_ppo_gumbel_t0.3_aux0.003_cpb_n1_a0.005_kl0.0003_r14,6n49g1ut,3712.64990234375,2.6425435543060303,2500,False,/lustre/fsw/portfolios/nvr/users/jonathanp/rl_token_routing/output_router_finetuning/pareto_g0.8_c256_ppo_gumbel_t0.3_aux0.003_cpb_n1_a0.005_kl0.0003_r14/checkpoint/pretrain-mcore-qwen3-moe-megatron-A3B-lr-1e-4-minlr-1e-6-bs-1-gbs-8-seqlen-128-pr-bf16-tp-1-pp-1-cp-1-ac-sel-do-true-sp-true-ti-5000-wi-10
pareto_g0.8_c256_ppo_gumbel_t0.3_gae0.95_aux0.003_cpb_n1_a0.005_kl0.0003_r15,qlbfxt4r,3721.35009765625,2.643000602722168,2500,False,/lustre/fsw/portfolios/nvr/users/jonathanp/rl_token_routing/output_router_finetuning/pareto_g0.8_c256_ppo_gumbel_t0.3_gae0.95_aux0.003_cpb_n1_a0.005_kl0.0003_r15/checkpoint/pretrain-mcore-qwen3-moe-megatron-A3B-lr-1e-4-minlr-1e-6-bs-1-gbs-8-seqlen-128-pr-bf16-tp-1-pp-1-cp-1-ac-sel-do-true-sp-true-ti-5000-wi-10
pareto_norl_aux0.005_r96,m5nmx83o,3730.050048828125,2.6529581546783447,2500,False,/lustre/fsw/portfolios/nvr/users/jonathanp/rl_token_routing/output_router_finetuning/pareto_norl_aux0.005_r96/checkpoint/pretrain-mcore-qwen3-moe-megatron-A3B-lr-1e-4-minlr-1e-6-bs-1-gbs-8-seqlen-128-pr-bf16-tp-1-pp-1-cp-1-ac-sel-do-true-sp-true-ti-5000-wi-10
pareto_g0_c256_ppo_gumbel_t0.3_aux0.003_cpb_n1_a0.005_kl0.0003_r12,jphemhxz,3748.199951171875,2.6756763458251953,2000,False,/lustre/fsw/portfolios/nvr/users/jonathanp/rl_token_routing/output_router_finetuning/pareto_g0_c256_ppo_gumbel_t0.3_aux0.003_cpb_n1_a0.005_kl0.0003_r12/checkpoint/pretrain-mcore-qwen3-moe-megatron-A3B-lr-1e-4-minlr-1e-6-bs-1-gbs-8-seqlen-128-pr-bf16-tp-1-pp-1-cp-1-ac-sel-do-true-sp-true-ti-5000-wi-10
